,Start,End
0,<class 'datetime.datetime'>,2020-08-04 12:01:03.369839
1,2020-08-04 12:01:03.436755,2020-08-04 12:01:03.502982
2,2020-08-04 12:01:03.670179,2020-08-04 12:01:03.770552
3,2020-08-04 12:01:04.202584,2020-08-04 12:01:04.270016
4,2020-08-04 12:01:04.503564,2020-08-04 12:01:04.870147
5,2020-08-04 12:01:06.234042,2020-08-04 12:01:08.844244
6,2020-08-04 12:01:09.377150,2020-08-04 12:01:09.478638
7,2020-08-04 12:01:09.577138,2020-08-04 12:01:09.642169
8,2020-08-04 12:01:10.342658,2020-08-04 12:01:12.575735
9,2020-08-04 12:01:13.243388,2020-08-04 12:01:15.243683
10,2020-08-04 12:01:19.488017,2020-08-04 12:01:21.121800
11,2020-08-04 12:01:21.852685,2020-08-04 12:01:22.055911
12,2020-08-04 12:01:22.422293,2020-08-04 12:01:24.689019
13,2020-08-04 12:01:28.525532,2020-08-04 12:01:28.560802
14,2020-08-04 12:01:28.659875,2020-08-04 12:01:28.702929
15,2020-08-04 12:01:34.097504,2020-08-04 12:01:34.129823
16,2020-08-04 12:01:45.950922,2020-08-04 12:01:47.315445
17,2020-08-04 12:01:47.749666,2020-08-04 12:01:48.017020
